,GBSI
2019-01-03,3.238002
2019-01-04,19.166695
2019-01-07,3.2286406
2019-01-08,2.2184346
2019-01-09,4.8683577
2019-01-10,2.959763
2019-01-11,1.3704094
2019-01-14,2.7426157
2019-01-15,2.2700093
2019-01-16,9.471124
2019-01-17,0.28685516
2019-01-18,6.332484
2019-01-21,5.845505
2019-01-22,5.6624885
2019-01-23,2.0907516
2019-01-24,1.467131
2019-01-25,8.547394
2019-01-28,2.0327377
2019-01-29,0.78676635
2019-01-30,5.168565
2019-01-31,2.9791474
2019-02-01,2.355619
2019-02-04,0.9555166
2019-02-05,5.4126153
2019-02-06,0.51012486
2019-02-07,6.2046905
2019-02-08,2.874838
2019-02-11,0.36332208
2019-02-12,7.5486984
2019-02-13,0.37123957
2019-02-14,3.3576186
2019-02-15,10.38171
2019-02-18,10.29761
2019-02-19,10.224271
2019-02-20,2.9509594
2019-02-21,3.4599805
2019-02-22,2.3669393
2019-02-25,6.4468646
2019-02-26,1.4848285
2019-02-27,3.6621642
2019-02-28,0.18549086
2019-03-01,0.19066328
2019-03-04,1.0603251
2019-03-05,1.5245048
2019-03-06,2.329526
2019-03-07,7.8230743
2019-03-08,1.6015956
2019-03-11,7.1497936
2019-03-12,2.018844
2019-03-13,4.161078
2019-03-14,0.753151
2019-03-15,5.4296117
2019-03-18,5.8097825
2019-03-19,0.4803701
2019-03-20,5.470035
2019-03-21,3.1964734
2019-03-22,13.125627
2019-03-25,0.5122499
2019-03-26,3.3274577
2019-03-27,0.7535167
2019-03-28,0.63011515
2019-03-29,0.22677816
2019-04-01,13.069468
2019-04-02,1.923087
2019-04-03,5.7341156
2019-04-04,2.9979193
2019-04-05,0.49778497
2019-04-08,1.1357688
2019-04-09,2.3531399
2019-04-10,0.8742117
2019-04-11,1.7855443
2019-04-12,10.377596
2019-04-15,0.47350472
2019-04-16,7.646238
2019-04-17,3.3936524
2019-04-18,0.49370456
2019-04-22,1.182384
2019-04-23,1.9762698
2019-04-24,5.4300957
2019-04-25,0.13608134
2019-04-26,4.9749274
2019-04-29,6.6381993
2019-04-30,0.91724545
2019-05-01,1.4027494
2019-05-02,1.0029019
2019-05-03,5.05648
2019-05-06,3.7085712
2019-05-07,10.564739
2019-05-08,0.6801689
2019-05-09,3.2216752
2019-05-10,2.482227
2019-05-13,14.369216
2019-05-14,4.0416775
2019-05-15,0.5260396
2019-05-16,4.14186
2019-05-17,4.700249
2019-05-20,1.9649707
2019-05-21,5.656556
2019-05-22,3.6459637
2019-05-23,7.0241723
2019-05-24,6.1713676
2019-05-27,6.1441827
2019-05-28,5.976274
2019-05-29,0.4855935
2019-05-30,0.6371455
2019-05-31,3.929533
2019-06-03,2.0922105
2019-06-04,12.400596
2019-06-05,1.9177083
2019-06-06,1.10034
2019-06-07,2.4537625
2019-06-10,4.9249616
2019-06-11,2.6275604
2019-06-12,6.4144216
2019-06-13,0.83904237
2019-06-14,1.5471033
2019-06-17,0.4872883
2019-06-18,8.161365
2019-06-19,3.1353748
2019-06-20,3.6015754
2019-06-21,1.0653741
2019-06-24,0.7939596
2019-06-25,2.9998398
2019-06-26,4.4222355
2019-06-27,5.1056685
2019-06-28,5.9519987
2019-07-01,3.6800659
2019-07-02,0.61092335
2019-07-03,3.6195393
2019-07-04,3.4558644
2019-07-05,3.4256623
2019-07-08,4.701371
2019-07-09,0.9422304
2019-07-10,1.5373852
2019-07-11,4.1870537
2019-07-12,2.0206742
2019-07-15,0.37774664
2019-07-16,0.61776376
2019-07-17,1.3331636
2019-07-18,2.3908472
2019-07-19,0.55618966
2019-07-22,1.3850521
2019-07-23,6.004823
2019-07-24,1.0366172
2019-07-25,2.4406197
2019-07-26,1.2473161
2019-07-29,2.7361581
2019-07-30,3.0572774
2019-07-31,1.5934519
2019-08-01,7.587206
2019-08-02,1.0257444
2019-08-05,11.926181
2019-08-06,4.3206406
2019-08-07,2.6579614
2019-08-08,4.605349
2019-08-09,1.8813095
2019-08-12,8.420043
2019-08-13,6.029827
2019-08-14,16.332338
2019-08-15,0.7473074
2019-08-16,10.008064
2019-08-19,2.9081755
2019-08-20,4.472892
2019-08-21,1.9611313
2019-08-22,3.5862448
2019-08-23,8.730361
2019-08-26,6.1659293
2019-08-27,1.7359009
2019-08-28,1.6716956
2019-08-29,7.801124
2019-08-30,2.7705102
2019-09-02,2.439811
2019-09-03,2.4814434
2019-09-04,7.954999
2019-09-05,10.196084
2019-09-06,2.4601114
2019-09-09,11.13459
2019-09-10,10.990714
2019-09-11,5.0659995
2019-09-12,2.7661788
2019-09-13,7.2986283
2019-09-16,3.4512684
2019-09-17,2.4302146
2019-09-18,0.44047454
2019-09-19,1.8672847
2019-09-20,0.628177
2019-09-23,0.76832014
2019-09-24,4.889564
2019-09-25,2.9045331
2019-09-26,0.81283855
2019-09-27,1.0051159
2019-09-30,1.8938177
2019-10-01,6.225531
2019-10-02,9.979604
2019-10-03,1.2826015
2019-10-04,2.8610017
2019-10-07,0.6996408
2019-10-08,4.1953487
2019-10-09,4.0013523
2019-10-10,7.5960984
2019-10-11,11.942092
2019-10-14,1.0505288
2019-10-15,9.491663
2019-10-16,2.3787146
2019-10-17,1.9449272
2019-10-18,1.7523435
2019-10-21,8.198542
2019-10-22,0.93161994
2019-10-23,3.6174707
2019-10-24,0.30046675
2019-10-25,3.8255413
2019-10-28,2.5365224
2019-10-29,0.36037114
2019-10-30,2.0426943
2019-10-31,2.976359
2019-11-01,6.7569766
2019-11-04,6.239889
2019-11-05,1.8347908
2019-11-06,1.5812308
2019-11-07,6.4951177
2019-11-08,0.4858016
2019-11-11,0.9830728
2019-11-12,0.18539788
2019-11-13,5.3922296
2019-11-14,0.53875756
2019-11-15,3.2902215
2019-11-18,1.0593429
2019-11-19,1.4363397
2019-11-20,4.076945
2019-11-21,0.8228144
2019-11-22,2.3054206
2019-11-25,3.7615168
2019-11-26,1.1522596
2019-11-27,3.274413
2019-11-28,3.211311
2019-11-29,3.0979502
2019-12-02,1.6028315
2019-12-03,5.554758
2019-12-04,6.01614
2019-12-05,0.64876145
2019-12-06,5.0447097
2019-12-09,0.33112004
2019-12-10,0.2375098
2019-12-11,3.3299136
2019-12-12,10.679384
2019-12-13,1.8608495
2019-12-16,5.185359
2019-12-17,4.3152285
2019-12-18,0.1367807
2019-12-19,0.116826475
2019-12-20,0.21729758
2019-12-23,0.2694633
2019-12-24,0.5147387
2019-12-26,2.8684618
2019-12-27,1.3338556
2019-12-30,0.31728023
2019-12-31,2.1230943
2020-01-02,8.3833275
2020-01-03,5.5172486
2020-01-06,0.67040515
2020-01-07,0.442008
2020-01-08,2.8625388
2020-01-09,1.8934442
2020-01-10,1.8465321
2020-01-13,4.0098457
2020-01-14,1.3333466
2020-01-15,1.6780002
2020-01-16,2.6586275
2020-01-17,1.1525903
2020-01-20,0.90389687
2020-01-21,0.81095105
2020-01-22,1.7145325
2020-01-23,0.59832865
2020-01-24,5.071372
2020-01-27,9.231324
2020-01-28,5.904624
2020-01-29,0.17281382
2020-01-30,3.8616338
2020-01-31,10.014957
2020-02-03,2.0053988
2020-02-04,8.395596
2020-02-05,7.8060975
2020-02-06,5.070724
2020-02-07,0.9044587
2020-02-10,0.5824672
2020-02-11,5.4141684
2020-02-12,4.5928807
2020-02-13,2.0048316
2020-02-14,0.25831077
2020-02-17,0.47747457
2020-02-18,0.44669726
2020-02-19,3.1624858
2020-02-20,2.0668068
2020-02-21,1.8442905
2020-02-24,16.593178
2020-02-25,11.851056
2020-02-26,0.839865
2020-02-27,15.166378
2020-02-28,7.734456
2020-03-02,7.873868
2020-03-03,14.939965
2020-03-04,6.2601056
2020-03-05,22.127853
2020-03-06,13.184771
2020-03-09,81.42626
2020-03-10,28.28565
2020-03-11,25.35321
2020-03-12,87.080444
2020-03-13,65.52294
2020-03-16,100.0
2020-03-17,29.66939
2020-03-18,45.986156
2020-03-19,5.193808
2020-03-20,3.7347877
2020-03-23,25.08942
2020-03-24,74.298454
2020-03-25,24.171892
2020-03-26,20.058142
2020-03-27,27.302202
2020-03-30,5.3589373
2020-03-31,4.764387
2020-04-01,25.867418
2020-04-02,7.5983567
2020-04-03,13.30725
2020-04-06,32.58583
2020-04-07,8.960445
2020-04-08,7.4293647
2020-04-09,16.447102
2020-04-13,6.528501
2020-04-14,4.238803
2020-04-15,29.592863
2020-04-16,8.20634
2020-04-17,21.418087
2020-04-20,7.66573
2020-04-21,19.015532
2020-04-22,9.420144
2020-04-23,3.1026475
2020-04-24,1.6464555
2020-04-27,17.558304
2020-04-28,10.757279
2020-04-29,24.400484
2020-04-30,14.680508
2020-05-01,19.04266
2020-05-04,3.6860363
2020-05-05,0.44862518
2020-05-06,4.758984
2020-05-07,7.1261873
2020-05-08,10.892746
2020-05-11,5.9877195
2020-05-12,7.64619
2020-05-13,13.03456
2020-05-14,2.3965585
2020-05-15,3.6804893
2020-05-18,33.38116
2020-05-19,11.733527
2020-05-20,12.555
2020-05-21,6.577381
2020-05-22,5.3575497
2020-05-25,5.3797555
2020-05-26,5.734831
2020-05-27,27.456253
2020-05-28,3.7869475
2020-05-29,8.5623665
2020-06-01,14.025316
2020-06-02,9.970564
2020-06-03,20.187992
2020-06-04,6.860689
2020-06-05,22.48697
2020-06-08,9.989215
2020-06-09,10.25138
2020-06-10,10.01227
2020-06-11,48.15259
2020-06-12,14.616122
2020-06-15,1.2032725
2020-06-16,9.587237
2020-06-17,4.99529
2020-06-18,1.4179558
2020-06-19,4.1602025
2020-06-22,3.0075963
2020-06-23,5.7630777
2020-06-24,17.138891
2020-06-25,10.311012
2020-06-26,16.135344
2020-06-29,9.952303
2020-06-30,3.1155963
2020-07-01,1.5112659
2020-07-02,10.527894
2020-07-03,9.751303
2020-07-06,10.629736
2020-07-07,12.09275
2020-07-08,3.2225466
2020-07-09,10.389305
2020-07-10,14.133913
2020-07-13,1.0570675
2020-07-14,3.1983838
2020-07-15,6.2723503
2020-07-16,1.6312833
2020-07-17,4.0386777
2020-07-20,2.5144854
2020-07-21,5.2130613
2020-07-22,3.024657
2020-07-23,2.8847861
2020-07-24,3.191248
2020-07-27,0.7217126
2020-07-28,2.0757499
2020-07-29,4.802911
2020-07-30,11.6054945
2020-07-31,5.294853
2020-08-03,2.5765064
2020-08-04,5.8687253
2020-08-05,4.706246
2020-08-06,0.7395552
2020-08-07,2.2037594
2020-08-10,6.1524954
2020-08-11,11.147348
2020-08-12,7.8699074
2020-08-13,4.719199
2020-08-14,1.1570225
2020-08-17,2.1838787
2020-08-18,2.4686906
2020-08-19,2.4353018
2020-08-20,4.320192
2020-08-21,2.61828
2020-08-24,10.718082
2020-08-25,6.3758397
2020-08-26,1.0862429
2020-08-27,0.9989276
2020-08-28,6.652331
2020-08-31,8.587068
2020-09-01,3.081799
2020-09-02,1.7263898
2020-09-03,6.573941
2020-09-04,9.175564
2020-09-07,8.485794
2020-09-08,8.090277
2020-09-09,4.9820566
2020-09-10,6.1250815
2020-09-11,1.4013604
2020-09-14,2.6440735
2020-09-15,3.372843
2020-09-16,0.36123875
2020-09-17,2.1416187
2020-09-18,6.68182
2020-09-21,17.035524
2020-09-22,4.0804567
2020-09-23,8.032023
2020-09-24,3.1658669
2020-09-25,1.0091904
2020-09-28,14.83168
2020-09-29,7.6679177
2020-09-30,4.106303
2020-10-01,0.8848397
2020-10-02,4.124949
2020-10-05,9.163515
2020-10-06,1.2283868
2020-10-07,10.404047
2020-10-08,6.845494
2020-10-09,0.09378376
2020-10-12,7.4695554
2020-10-13,9.470285
2020-10-14,2.0907378
2020-10-15,0.21781878
2020-10-16,6.0038705
2020-10-19,0.63643295
2020-10-20,5.2126803
2020-10-21,0.5258369
2020-10-22,8.296537
2020-10-23,6.775416
2020-10-26,7.962476
2020-10-27,11.895992
2020-10-28,15.80419
2020-10-29,3.6704922
2020-10-30,3.1036963
2020-11-02,11.582443
2020-11-03,18.438696
2020-11-04,5.751776
2020-11-05,11.224111
2020-11-06,0.24089402
2020-11-09,42.506557
2020-11-10,7.4033084
2020-11-11,1.6787469
2020-11-12,9.213146
2020-11-13,6.4828854
2020-11-16,12.128189
2020-11-17,5.6510916
2020-11-18,0.24843971
2020-11-19,2.830022
2020-11-20,0.13585928
2020-11-23,8.665907
2020-11-24,20.134027
2020-11-25,0.29377082
2020-11-26,0.27558517
2020-11-27,0.46878153
2020-11-30,15.248759
2020-12-01,13.162755
2020-12-02,6.3518043
2020-12-03,0.3783828
2020-12-04,7.7169843
2020-12-07,5.9932995
2020-12-08,1.1830449
2020-12-09,1.6599457
2020-12-10,0.5789083
2020-12-11,4.623784
2020-12-14,1.0814294
2020-12-15,7.6164155
2020-12-16,0.658552
2020-12-17,1.6599253
2020-12-18,3.2596674
2020-12-21,2.5979307
2020-12-22,3.0818675
2020-12-23,10.781876
2020-12-24,1.8412347
2020-12-28,4.3801723
2020-12-29,0.9853434
2020-12-30,1.4032369
2020-12-31,1.1300863
2021-01-04,4.2041273
2021-01-05,8.941997
2021-01-06,19.688246
2021-01-07,7.5061436
2021-01-08,1.4208026
2021-01-11,0.6796852
2021-01-12,7.813043
2021-01-13,0.9672118
2021-01-14,5.334353
2021-01-15,7.699767
2021-01-18,7.2721105
2021-01-19,7.9230433
2021-01-20,0.95939714
2021-01-21,0.5562819
2021-01-22,6.683975
2021-01-25,6.054662
2021-01-26,2.377808
2021-01-27,13.653307
2021-01-28,8.693174
2021-01-29,11.885515
2021-02-01,5.0206356
2021-02-02,9.155656
2021-02-03,4.209411
2021-02-04,6.265612
2021-02-05,4.8958497
2021-02-08,7.497717
2021-02-09,0.3231499
2021-02-10,1.6477228
2021-02-11,2.684751
2021-02-12,5.9268637
2021-02-15,5.9496593
2021-02-16,5.7169595
2021-02-17,1.0689968
2021-02-18,2.9995809
2021-02-19,7.676117
2021-02-22,3.9111376
2021-02-23,6.172768
2021-02-24,8.937249
2021-02-25,5.3343744
2021-02-26,10.868524
2021-03-01,10.934105
2021-03-02,3.694923
2021-03-03,8.005493
2021-03-04,3.2912724
2021-03-05,10.473921
2021-03-08,8.300989
2021-03-09,1.0731779
2021-03-10,5.6192365
2021-03-11,1.5085124
2021-03-12,4.3709335
2021-03-15,0.57302284
2021-03-16,1.0548217
2021-03-17,4.9227057
2021-03-18,3.835579
2021-03-19,2.1614206
2021-03-22,2.2689435
2021-03-23,9.927742
2021-03-24,1.1461667
2021-03-25,5.123534
2021-03-26,6.877728
2021-03-29,3.8278692
2021-03-30,4.811491
2021-03-31,4.1135983
2021-04-01,3.403901
2021-04-05,4.568359
2021-04-06,0.74256253
2021-04-07,2.3063648
2021-04-08,1.4249445
2021-04-09,1.7972376
2021-04-12,0.5470583
2021-04-13,2.0179682
2021-04-14,4.186166
2021-04-15,1.4784986
2021-04-16,2.0548847
2021-04-19,0.117021635
2021-04-20,10.146248
2021-04-21,4.386214
2021-04-22,3.6269267
2021-04-23,9.773157
2021-04-26,4.070496
2021-04-27,5.240552
2021-04-28,5.8403044
2021-04-29,6.74371
2021-04-30,7.722689
2021-05-03,2.406057
2021-05-04,2.729346
2021-05-05,6.999067
2021-05-06,8.854674
2021-05-07,5.1095734
2021-05-10,1.573979
2021-05-11,2.9557543
2021-05-12,5.9087486
2021-05-13,7.626311
2021-05-14,8.557042
2021-05-17,0.6815894
2021-05-18,1.9114206
2021-05-19,3.9797692
2021-05-20,3.0133915
2021-05-21,4.7031713
2021-05-24,3.08625
2021-05-25,1.6732187
2021-05-26,2.222999
2021-05-27,5.5267344
2021-05-28,2.657505
2021-05-31,2.5563738
2021-06-01,2.8186634
2021-06-02,1.4654927
2021-06-03,0.8921908
2021-06-04,1.3093972
2021-06-07,0.823774
2021-06-08,1.5518205
2021-06-09,4.0283847
2021-06-10,1.5459418
2021-06-11,0.43214253
2021-06-14,1.6143979
2021-06-15,1.2143278
2021-06-16,1.4227505
2021-06-17,8.643421
2021-06-18,12.619958
2021-06-21,8.723601
2021-06-22,0.22042203
2021-06-23,0.07523355
2021-06-24,5.771771
2021-06-25,5.074384
2021-06-28,4.9897704
2021-06-29,2.2793727
2021-06-30,0.124068804
2021-07-01,4.011641
2021-07-02,1.1367924
2021-07-05,0.35589722
2021-07-06,1.5114311
2021-07-07,1.113599
2021-07-08,9.130223
2021-07-09,14.423615
2021-07-12,2.147577
2021-07-13,3.575401
2021-07-14,0.4391514
2021-07-15,1.4548591
2021-07-16,5.0819077
2021-07-19,14.520509
2021-07-20,9.7735615
2021-07-21,12.0813
2021-07-22,2.8404243
2021-07-23,2.5943258
2021-07-26,5.7132764
2021-07-27,0.35621414
2021-07-28,3.2408395
2021-07-29,4.564302
2021-07-30,3.4384053
2021-08-02,0.67414546
2021-08-03,5.9462266
2021-08-04,1.118276
2021-08-05,6.2185645
2021-08-06,4.827372
2021-08-09,3.4017813
2021-08-10,4.3773255
2021-08-11,7.7165465
2021-08-12,0.34396487
2021-08-13,0.38103926
2021-08-16,2.8382
2021-08-17,6.8995504
2021-08-18,0.8068978
2021-08-19,6.605667
2021-08-20,3.446566
2021-08-23,6.0644526
2021-08-24,3.065438
2021-08-25,5.4495215
2021-08-26,4.7366705
2021-08-27,5.089979
2021-08-30,4.911745
2021-08-31,0.82147837
2021-09-01,4.14976
2021-09-02,2.2240477
2021-09-03,1.4868689
2021-09-06,1.4147573
2021-09-07,1.6726968
2021-09-08,3.0261981
2021-09-09,1.8939987
2021-09-10,1.4595718
2021-09-13,6.839167
2021-09-14,5.978148
2021-09-15,4.377239
2021-09-16,0.40421516
2021-09-17,4.4594507
2021-09-20,15.291797
2021-09-21,1.3837456
2021-09-22,10.114159
2021-09-23,12.104884
2021-09-24,0.12142906
2021-09-27,10.968436
2021-09-28,6.986454
2021-09-29,1.7094799
2021-09-30,2.382886
2021-10-01,2.8690336
2021-10-04,1.4673246
2021-10-05,10.720009
2021-10-06,0.95275486
2021-10-07,5.1809597
2021-10-08,3.9941204
2021-10-11,2.2021978
2021-10-12,2.348532
2021-10-13,0.8870803
2021-10-14,4.765267
2021-10-15,9.431694
2021-10-18,0.59713465
2021-10-19,5.081508
2021-10-20,3.86742
2021-10-21,2.0871897
2021-10-22,3.8519328
2021-10-25,1.0484158
2021-10-26,1.8667234
2021-10-27,4.244633
2021-10-28,4.851876
2021-10-29,4.587917
2021-11-01,5.5648065
2021-11-02,1.8789098
2021-11-03,4.3785343
2021-11-04,5.8431754
2021-11-05,0.52379644
2021-11-08,4.0643377
2021-11-09,3.2779481
2021-11-10,0.46190664
2021-11-11,3.7228155
2021-11-12,1.6577463
2021-11-15,1.8627057
2021-11-16,2.2424686
2021-11-17,4.5171113
2021-11-18,1.1094949
2021-11-19,6.595265
2021-11-22,2.697652
2021-11-23,5.214322
2021-11-24,0.0
2021-11-25,0.04965071
2021-11-26,0.9300636
2021-11-29,0.46028394
2021-11-30,7.433422
2021-12-01,1.467105
2021-12-02,12.550538
2021-12-03,3.635686
2021-12-06,8.06937
2021-12-07,7.520729
2021-12-08,0.44222304
2021-12-09,2.9308004
2021-12-10,1.0967437
2021-12-13,6.713305
2021-12-14,3.1926796
2021-12-15,2.5887482
2021-12-16,5.1884146
2021-12-17,7.0085173
2021-12-20,4.4746566
2021-12-21,8.673612
2021-12-22,5.194715
2021-12-23,5.8534307
2021-12-24,5.841307
2021-12-27,5.802521
2021-12-28,1.2545375
2021-12-29,0.7754876
2021-12-30,1.0885935
2021-12-31,0.62200785
2022-01-03,8.797847
2022-01-04,12.160148
2022-01-05,0.65421677
2022-01-06,8.006833
2022-01-07,7.6900926
2022-01-10,3.0657394
2022-01-11,7.7831283
2022-01-12,3.3539364
2022-01-13,3.6741614
2022-01-14,0.22897606
2022-01-17,0.33226883
2022-01-18,0.289213
2022-01-19,4.7714663
2022-01-20,2.691056
2022-01-21,7.342325
2022-01-24,3.6721387
2022-01-25,4.9275627
2022-01-26,2.7005808
2022-01-27,0.7384034
2022-01-28,0.50781024
2022-01-31,4.300623
2022-02-01,11.149806
2022-02-02,4.9556885
2022-02-03,2.2096636
2022-02-04,5.4604897
2022-02-07,4.4059687
2022-02-08,9.28098
2022-02-09,2.497111
2022-02-10,1.2226682
2022-02-11,6.7910557
2022-02-14,3.2879195
2022-02-15,4.3073506
2022-02-16,0.2147332
2022-02-17,11.467281
2022-02-18,1.3024027
2022-02-21,1.4635754
2022-02-22,0.9782926
2022-02-23,5.8129945
2022-02-24,17.936058
2022-02-25,12.149818
2022-02-28,14.939197
2022-03-01,19.678228
2022-03-02,10.821274
2022-03-03,4.9954276
2022-03-04,17.950832
2022-03-07,17.532373
2022-03-08,6.09943
2022-03-09,24.222963
2022-03-10,5.1465025
2022-03-11,3.2184958
2022-03-14,8.95412
2022-03-15,5.1815367
2022-03-16,20.55628
2022-03-17,2.7260191
2022-03-18,3.463389
2022-03-21,2.1920574
2022-03-22,9.237189
2022-03-23,9.530226
2022-03-24,2.7189393
2022-03-25,3.6198783
2022-03-28,2.3427389
2022-03-29,8.216869
2022-03-30,3.6539583
2022-03-31,11.3390665
2022-04-01,3.1721823
2022-04-04,2.8255591
2022-04-05,7.684597
2022-04-06,6.6344194
2022-04-07,1.7164905
2022-04-08,3.937077
2022-04-11,0.9241963
2022-04-12,4.6888247
2022-04-13,3.9156365
2022-04-14,3.9758475
2022-04-18,0.033078194
2022-04-19,7.674949
2022-04-20,6.1892147
2022-04-21,3.1045904
2022-04-22,11.330021
2022-04-25,1.4663031
2022-04-26,14.051929
2022-04-27,1.4746639
2022-04-28,6.4399333
2022-04-29,7.659661
2022-05-02,0.88835466
2022-05-03,10.340905
2022-05-04,12.392401
2022-05-05,18.52363
2022-05-06,3.7771113
2022-05-09,9.394839
2022-05-10,1.1171674
2022-05-11,2.7893207
2022-05-12,1.1214178
2022-05-13,12.44038
2022-05-16,1.0566328
2022-05-17,11.057492
2022-05-18,11.413055
2022-05-19,6.1553626
2022-05-20,1.5979216
2022-05-23,15.539705
2022-05-24,2.974138
2022-05-25,4.510686
2022-05-26,9.219742
2022-05-27,5.981817
2022-05-30,5.9835415
2022-05-31,5.9801903
2022-06-01,3.3242745
2022-06-02,5.7023683
2022-06-03,6.633127
2022-06-06,3.8433158
2022-06-07,1.2175934
2022-06-08,9.882007
2022-06-09,11.892735
2022-06-10,17.285055
2022-06-13,15.192104
2022-06-14,0.5615826
2022-06-15,10.71735
2022-06-16,9.155158
2022-06-17,0.83065933
2022-06-20,1.2117497
2022-06-21,1.6053858
2022-06-22,4.0612855
2022-06-23,9.551897
2022-06-24,10.800693
2022-06-27,0.3903008
2022-06-28,2.3383975
2022-06-29,0.54606044
2022-06-30,7.6847377
2022-07-01,3.2594283
2022-07-04,3.2137842
2022-07-05,3.7432208
2022-07-06,3.940767
2022-07-07,11.006275
2022-07-08,2.7911003
2022-07-11,7.6668615
2022-07-12,0.31973302
2022-07-13,4.6077733
2022-07-14,15.643332
2022-07-15,11.091669
2022-07-18,6.6377687
2022-07-19,17.487055
2022-07-20,1.9243882
2022-07-21,5.7768707
2022-07-22,2.9372277
2022-07-25,8.853014
2022-07-26,8.727434
2022-07-27,13.413506
2022-07-28,1.6056135
2022-07-29,7.4030247
2022-08-01,0.7142047
2022-08-02,6.853905
2022-08-03,6.909956
2022-08-04,0.85667336
2022-08-05,4.164472
2022-08-08,1.402194
2022-08-09,0.49887908
2022-08-10,13.603057
2022-08-11,4.139492
2022-08-12,6.8742
2022-08-15,3.6586285
2022-08-16,2.143312
2022-08-17,4.156315
2022-08-18,0.8863402
2022-08-19,10.979572
2022-08-22,7.521946
2022-08-23,0.12602827
2022-08-24,0.32334906
2022-08-25,5.99598
2022-08-26,11.850325
2022-08-29,0.6415936
2022-08-30,0.629697
2022-08-31,0.1871999
2022-09-01,3.737842
2022-09-02,1.4030676
2022-09-05,0.6677474
2022-09-06,0.7824809
2022-09-07,4.871118
2022-09-08,9.595786
2022-09-09,11.079452
2022-09-12,8.552083
2022-09-13,14.505789
2022-09-14,1.8828913
2022-09-15,4.638021
2022-09-16,2.9670813
2022-09-19,4.610468
2022-09-20,6.6463766
2022-09-21,9.371634
2022-09-22,0.69027513
2022-09-23,15.899491
2022-09-26,7.8553476
2022-09-27,5.5949187
2022-09-28,5.2545605
2022-09-29,7.530539
2022-09-30,1.1333301
2022-10-03,10.683176
2022-10-04,21.220852
2022-10-05,6.032407
2022-10-06,10.609175
2022-10-07,6.578207
2022-10-10,3.7332253
2022-10-11,7.407149
2022-10-12,1.3705013
2022-10-13,20.214642
2022-10-14,5.519601
2022-10-17,13.617191
2022-10-18,6.0181203
2022-10-19,4.4295845
2022-10-20,0.57631433
2022-10-21,14.691056
2022-10-24,2.2509947
2022-10-25,8.531684
2022-10-26,3.0502746
2022-10-27,0.33598036
2022-10-28,5.3699145
2022-10-31,3.7069423
2022-11-01,4.169094
2022-11-02,2.9268775
2022-11-03,1.6866136
2022-11-04,19.897606
2022-11-07,2.814924
2022-11-08,4.057075
2022-11-09,8.348345
2022-11-10,22.743195
2022-11-11,9.720954
2022-11-14,4.027627
2022-11-15,4.6300445
2022-11-16,1.448017
2022-11-17,1.2169074
2022-11-18,1.9897748
2022-11-21,0.46561205
2022-11-22,7.7029057
2022-11-23,5.151305
2022-11-24,5.3200955
2022-11-25,5.3679414
2022-11-28,8.464266
2022-11-29,5.8281126
2022-11-30,8.730118
2022-12-01,3.390986
2022-12-02,1.1569767
2022-12-05,9.389318
2022-12-06,2.499825
2022-12-07,0.89633507
2022-12-08,2.642651
2022-12-09,3.110082
2022-12-12,3.3767815
2022-12-13,6.1303205
2022-12-14,3.298327
2022-12-15,10.637623
2022-12-16,0.8278116
2022-12-19,0.58310187
2022-12-20,9.413033
2022-12-21,8.080707
2022-12-22,2.4856231
2022-12-23,3.6443574
2022-12-27,2.7661483
2022-12-28,1.8761878
2022-12-29,5.8540826
2022-12-30,0.31321633
2023-01-02,0.528714
2023-01-03,0.90665686
2023-01-04,15.756954
2023-01-05,3.942024
2023-01-06,8.925762
2023-01-09,0.95914084
2023-01-10,1.4501802
2023-01-11,3.2753005
2023-01-12,9.09105
2023-01-13,7.2612586
2023-01-16,7.243941
2023-01-17,7.162911
2023-01-18,2.8729844
2023-01-19,1.3242466
2023-01-20,6.570418
2023-01-23,3.9882767
2023-01-24,1.0469925
2023-01-25,3.9331932
2023-01-26,6.581121
2023-01-27,2.3880548
2023-01-30,2.0409546
2023-01-31,3.744158
2023-02-01,3.9013844
2023-02-02,2.7877247
2023-02-03,0.7121947
2023-02-06,3.9407701
2023-02-07,7.946652
2023-02-08,2.5407922
2023-02-09,0.9622515
2023-02-10,0.31989795
2023-02-13,3.6529787
2023-02-14,2.409769
2023-02-15,4.3723555
2023-02-16,0.3514368
2023-02-17,0.5101268
2023-02-20,0.50349873
2023-02-21,0.5892359
2023-02-22,3.7056308
2023-02-23,2.4361129
2023-02-24,2.2802098
2023-02-27,5.623294
2023-02-28,1.42791
2023-03-01,0.18827225
2023-03-02,2.0930524
2023-03-03,10.294975
2023-03-06,2.002582
2023-03-07,9.93325
2023-03-08,1.0558783
2023-03-09,11.498331
2023-03-10,13.203516
2023-03-13,13.132759
2023-03-14,8.010527
2023-03-15,19.665482
2023-03-16,5.94088
2023-03-17,10.214107
2023-03-20,5.344768
2023-03-21,15.24215
2023-03-22,3.5569987
2023-03-23,6.150424
2023-03-24,4.7521014
2023-03-27,7.1006737
2023-03-28,3.2398324
2023-03-29,7.964183
2023-03-30,1.8506618
2023-03-31,3.0932367
2023-04-03,6.430206
2023-04-04,1.6692661
2023-04-05,0.48318046
2023-04-06,4.4172225
2023-04-10,1.1441976
2023-04-11,5.909516
2023-04-12,1.9733361
2023-04-13,6.5314384
2023-04-14,7.8036776
2023-04-17,0.36864722
2023-04-18,4.5819974
2023-04-19,2.33612
2023-04-20,1.1015276
2023-04-21,2.3270395
2023-04-24,1.1027997
2023-04-25,13.097447
2023-04-26,1.6178827
2023-04-27,8.800184
2023-04-28,0.372211
2023-05-01,0.22775874
2023-05-02,6.95875
2023-05-03,4.649971
2023-05-04,4.351171
2023-05-05,14.683136
2023-05-08,4.30923
2023-05-09,1.4897853
2023-05-10,1.5795442
2023-05-11,1.5248532
2023-05-12,2.2758663
2023-05-15,9.964933
2023-05-16,5.3231635
2023-05-17,8.262916
2023-05-18,0.91983366
2023-05-19,1.1162602
2023-05-22,2.9332352
2023-05-23,2.363812
2023-05-24,8.194273
2023-05-25,1.769316
2023-05-26,5.7129035
2023-05-29,5.698346
2023-05-30,5.5381956
2023-05-31,6.303726
2023-06-01,6.7405467
2023-06-02,11.320803
2023-06-05,2.655472
2023-06-06,7.2092395
2023-06-07,1.4212909
2023-06-08,4.526817
2023-06-09,0.47614297
2023-06-12,0.2209465
2023-06-13,5.0167613
2023-06-14,0.9728834
2023-06-15,5.3755627
2023-06-16,0.8208256
2023-06-19,0.7146958
2023-06-20,0.71157074
2023-06-21,1.2869387
2023-06-22,5.033472
2023-06-23,7.2453933
2023-06-26,3.2380614
2023-06-27,7.1881876
2023-06-28,1.0090145
2023-06-29,6.0346537
2023-06-30,5.6416183
2023-07-03,6.376464
2023-07-04,6.1927414
2023-07-05,6.1927347
2023-07-06,10.97987
2023-07-07,5.8122163
2023-07-10,2.3905406
2023-07-11,6.3379493
2023-07-12,8.909963
2023-07-13,9.461514
2023-07-14,8.330747
2023-07-17,4.1288157
2023-07-18,7.4912996
2023-07-19,2.0252664
2023-07-20,3.4256449
2023-07-21,2.0114045
2023-07-24,3.7977054
2023-07-25,5.0021443
2023-07-26,2.7502224
2023-07-27,18.797483
2023-07-28,16.829346
2023-07-31,18.308222
2023-08-01,21.076439
2023-08-02,18.290857
2023-08-03,15.787823
2023-08-04,12.468114
2023-08-07,16.641163
2023-08-08,17.551191
2023-08-09,14.951511
2023-08-10,19.669054
2023-08-11,21.196457
2023-08-14,22.751099
2023-08-15,21.382565
2023-08-16,21.125591
2023-08-17,15.904568
2023-08-18,14.293594
2023-08-21,16.14159
2023-08-22,17.25044
2023-08-23,14.422238
2023-08-24,14.5655985
2023-08-25,13.923084
2023-08-28,15.367689
2023-08-29,17.212873
2023-08-30,21.556099
2023-08-31,20.914726
2023-09-01,24.371414
2023-09-04,23.2768
2023-09-05,22.214539
2023-09-06,20.736393
2023-09-07,22.744251
2023-09-08,22.16064
2023-09-11,21.455973
2023-09-12,20.557095
2023-09-13,20.683954
2023-09-14,24.301632
2023-09-15,25.007786
2023-09-18,23.008938
2023-09-19,22.406017
2023-09-20,19.013065
2023-09-21,18.052261
2023-09-22,15.581482
2023-09-25,16.979813
2023-09-26,15.59138
2023-09-27,15.267179
2023-09-28,16.022646
2023-09-29,19.541103
2023-09-30,19.541103
2023-10-02,18.751863
2023-10-03,14.447112
2023-10-04,9.965523
2023-10-05,10.289284
2023-10-06,11.400692
2023-10-09,11.26683
2023-10-10,14.490176
2023-10-11,13.27173
2023-10-12,14.909575
2023-10-13,8.318112
2023-10-16,12.400845
2023-10-17,11.042262
2023-10-18,13.73271
2023-10-19,12.346308
2023-10-20,12.046706
2023-10-23,8.733201
2023-10-24,12.665159
2023-10-25,13.758382
2023-10-26,6.987395
2023-10-27,10.449814
2023-10-30,10.7247095
2023-10-31,11.526201
2023-11-01,12.883405
2023-11-02,22.714703
2023-11-03,28.318314
2023-11-06,28.859362
2023-11-07,26.929296
2023-11-08,21.864393
2023-11-09,24.924892
2023-11-10,22.612755
2023-11-13,23.33297
2023-11-14,29.798883
2023-11-15,31.113697
2023-11-16,27.94124
2023-11-17,26.383633
2023-11-20,28.942387
2023-11-21,29.974102
2023-11-22,30.68665
2023-11-23,30.787151
2023-11-24,33.461666
2023-11-27,31.70861
2023-11-28,31.462057
2023-11-29,35.523487
2023-11-30,33.894745
2023-12-01,36.099724
2023-12-04,38.085796
2023-12-05,36.971832
2023-12-06,33.717655
2023-12-07,32.307026
2023-12-08,36.475628
2023-12-11,35.838108
2023-12-12,34.849216
2023-12-13,34.415344
2023-12-14,41.075916
2023-12-15,41.979553
2023-12-18,43.305683
2023-12-19,42.65736
2023-12-20,42.04846
2023-12-21,43.199543
2023-12-22,45.164722
2023-12-25,45.164722
2023-12-26,48.379143
2023-12-27,49.817135
2023-12-28,49.99668
2023-12-29,53.723766
2023-12-31,52.777187
2024-01-01,52.777187
